ISBN,書籍名,著者,出版社,出版日,価格
978-0-9932421-9-9,クロス月管理する差別する狐彼。,小川 篤司,合同会社渡辺建設,1993-05-26,3815
978-0-902054-29-5,バスケット符号目的編組教会。,山本 加奈,鈴木ガス有限会社,1976-02-06,4272
978-1-306-53908-1,パンリンク脊椎叔父マリン。,村上 淳,加藤ガス合同会社,2019-02-19,3427
978-1-86612-525-0,サワー索引ベルベット人形。,佐藤 洋介,田中食品合同会社,2008-12-01,2770
978-0-88599-752-7,尊敬する花嫁ブレーキ管理する。,鈴木 美加子,三浦食品合同会社,2018-07-15,4000
978-0-02-885371-0,学生カラム私ノート仕上げ葉。,岡本 香織,木村通信有限会社,2018-11-15,1493
978-1-63989-708-7,見出し状況販売ヒット電池特徴。,小林 結衣,森通信株式会社,1971-05-01,2429
978-0-12-817951-2,賞賛する保持するプラスチック。,岡本 淳,吉田銀行有限会社,2019-04-07,3648
978-0-490-48373-6,自体クルー虐待キャビネット。,渡辺 結衣,福田銀行合同会社,1977-10-04,4425
978-0-10-991793-5,パーセントニュース学生電話。,山崎 結衣,鈴木印刷株式会社,1980-09-13,749
978-0-7191-3703-7,奨励しますヘアジャム必要。,石井 学,長谷川情報合同会社,1971-07-12,1550
978-0-285-05474-5,叔父ない索引残る省略ダニ私。,鈴木 直子,青木水産有限会社,2022-05-06,2507
978-0-307-50816-4,評議会ダッシュ賞賛する。,佐藤 陽子,阿部情報有限会社,2003-11-02,2154
978-0-11-673256-9,バーゲン鉱山編組舗装ヘア特徴。,伊藤 真綾,加藤鉱業合同会社,1988-05-11,4114
978-1-83305-155-1,教会月細かいヘア君は器官敵。,小川 康弘,有限会社井上ガス,2021-07-15,1159
978-1-9745-9251-7,日曜日見出しスペル創傷中央。,木村 加奈,斉藤水産有限会社,1990-05-15,4085
978-1-264-19220-5,副販売職人チーズ改善トースト。,小林 稔,加藤建設株式会社,2005-03-17,1640
978-0-637-30239-5,じぶんの運ベルベットホイール。,伊藤 学,池田運輸株式会社,2023-08-17,1084
978-1-970515-60-2,スペルコミュニケーションバス。,山本 千代,田中農林合同会社,2011-12-19,4734
978-1-988172-72-9,ボトル脊椎ヒール建築ヒット。,田中 加奈,小林建設合同会社,1977-12-24,4004
978-1-4670-7053-9,今楽しんで屋根裏ささやき。,佐藤 幹,西村銀行合同会社,1995-04-28,2509
978-1-86794-466-9,再現する癌オークション狐中世。,高橋 拓真,渡辺鉱業合同会社,1994-06-11,2836
978-0-02-325614-1,連続狐私鉱山式テント部隊。,中村 淳,有限会社石井運輸,2008-05-19,4845
978-1-56629-943-5,ジャムコーラスサワー特徴分割。,石川 学,有限会社斉藤農林,1986-07-29,3421
978-0-453-66919-1,コミュニケーションあなた自身。,斎藤 美加子,株式会社中村鉱業,1998-10-14,1606
978-0-670-20697-1,キャビンキャビネットジャム。,鈴木 美加子,小林農林合同会社,1998-12-14,1879
978-0-662-32328-0,残る午前狐隠す私装置リンク。,山本 智也,加藤電気合同会社,2013-10-02,1687
978-0-661-66157-4,装置パイオニアパイオニア月。,後藤 康弘,合同会社井上運輸,1970-06-08,2923
978-0-7363-8467-4,今日オークション転倒舗装。,井上 翼,株式会社佐藤農林,2006-10-21,1393
978-1-72802-062-4,キャビン怒り狭いデフォルト。,石井 花子,山崎銀行有限会社,2013-11-19,1441
978-0-575-82791-2,〜敵対的な錯覚自体ホイール。,鈴木 明美,有限会社松田電気,2017-07-25,2670
978-1-874192-48-0,トレーナーリニア柔らかい残る。,石井 春香,合同会社池田食品,1987-09-21,2096
978-0-389-75991-1,見落とす数字ヘアスキーム欠乏。,小林 さゆり,株式会社中村建設,2000-04-25,1674
978-0-9960611-5-5,クロス雪柔らかい電話トス状況。,山口 里佳,株式会社清水保険,1995-05-16,4663
978-0-7861-7823-0,仕上げ織るコミュニティ合計。,佐藤 春香,山口保険有限会社,2013-09-20,565
978-1-366-47564-0,トーンクロス編組織る葉尿創傷。,藤原 花子,有限会社藤井食品,1997-09-15,3223
978-0-561-78746-6,ノートノート感謝する埋め込む。,中村 千代,有限会社吉田保険,2008-06-07,4686
978-1-338-56401-3,式衝突コピー持ってる数字。,鈴木 春香,田中建設合同会社,2021-07-17,1420
978-1-168-76426-3,フェミニストリンク通行料金。,木村 美加子,株式会社伊藤電気,1992-12-01,1283
978-1-947577-16-9,コーナー極端なトーンニュース。,井上 陽子,合同会社加藤食品,1985-11-21,1526
978-0-7768-1166-6,試してみる移動スキームバケツ。,佐々木 淳,株式会社長谷川情報,2004-07-24,3522
978-1-63479-718-4,バナーヒールヘアコーナー教授。,中村 健一,有限会社渡辺情報,1992-08-20,3960
978-0-564-83303-0,擁する追放する編組。,鈴木 智也,株式会社小川情報,2003-11-10,2626
978-1-949272-18-5,パイオニア癌助けて出演者織る。,渡辺 修平,有限会社岡本食品,2015-05-22,776
978-0-281-26384-4,建築尊敬する戦略的隠す文言敵。,佐々木 裕美子,清水食品株式会社,1982-06-20,4954
978-1-188-45676-6,シェービングプラスチック。,橋本 くみ子,伊藤電気合同会社,1972-08-14,1974
978-1-892046-38-3,風景バスリニア野球戦略的。,近藤 千代,合同会社西村印刷,2020-01-26,1637
978-1-347-30628-4,主人出演者リハビリ織る。,斎藤 結衣,加藤電気株式会社,2024-10-20,4735
978-0-546-59359-4,虐待見落とす装置高い怒り。,井上 亮介,株式会社加藤印刷,2020-01-08,2233
978-0-9519775-3-8,発生するコーナー狐午前大統領。,藤井 千代,株式会社鈴木情報,2012-07-17,1910
